pass,urma_io_mode,expected_qps,size,Avg-Latency,50th-Latency,90th-Latency,99th-Latency,99.9th-Latency,99.99th-Latency,Max-Latency,Throughput,QPS,Server_CPU_avg,Server_CPU_max,Client_CPU_avg,Client_CPU_max,Client_Mem_avg,Client_Mem_max,Error_rate,Total_Sent,Total_Errors,UBS_v2_Latency,Ratio
o123_64k,2,1000,1024,19,19,21,24,30,72,72,0.976282,999.7,100,124,101,101,560,560,0,20001,0,17,1.12
o123_64k,2,1000,4096,23,23,26,29,39,100,100,3.90533,999.8,100,144,101,101,560,560,0,20001,0,21,1.10
o123_64k,2,1000,8192,24,25,27,31,41,62,62,7.81112,999.8,100,121,101,101,560,560,0,20002,0,29,0.83
o123_64k,2,1000,102400,54,54,59,67,75,123,158,97.6491,999.9,101,123,102,102,562,562,0,20004,0,49,1.10
o123_64k,2,1000,204800,80,79,86,106,110,169,169,195.273,999.8,102,126,103,103,563,563,0,20002,0,75,1.07
o123_64k,2,1000,1048576,362,354,397,519,572,626,626,999.751,999.8,117,138,116,117,574,575,0,20001,0,361,1.00
o123_64k,2,1000,8388608,3707,3514,4659,5841,6429,6931,7175,7995.38,999.4,297,300,264,265,683,683,0,19999,0,3940,0.94
o123_64k,2,500,1024,20,20,22,25,29,39,39,0.488472,500.2,100,126,100,101,560,560,0,10007,0,17,1.18
o123_64k,2,500,4096,23,24,26,29,42,105,105,1.95408,500.2,100,118,100,101,560,560,0,10008,0,21,1.10
o123_64k,2,500,8192,25,25,28,31,48,98,98,3.90624,500.0,100,126,100,101,560,560,0,10008,0,29,0.86
o123_64k,2,500,102400,56,56,60,66,87,184,184,48.8504,500.2,100,125,101,101,562,562,0,10008,0,49,1.14
o123_64k,2,500,204800,81,80,87,111,115,208,208,97.657,500.0,101,123,101,102,562,562,0,10008,0,75,1.08
o123_64k,2,500,1048576,355,354,372,397,406,411,490,500.013,500.0,108,130,108,108,574,574,0,10008,0,361,0.98
o123_64k,2,500,8388608,3346,3073,4245,5407,5794,6185,6185,3998.16,499.8,188,209,174,175,675,675,0,10004,0,3940,0.85
