pass,urma_io_mode,expected_qps,size,Avg-Latency,50th-Latency,90th-Latency,99th-Latency,99.9th-Latency,99.99th-Latency,Max-Latency,Throughput,QPS,Server_CPU_avg,Server_CPU_max,Client_CPU_avg,Client_CPU_max,Client_Mem_avg,Client_Mem_max,Error_rate,Total_Sent,Total_Errors
stage2,2,1000,1024,18,19,21,24,33,67,67,0.976415,999.8,100,122,101,101,560,561,0,20002,0
stage2,2,1000,4096,22,22,24,27,38,49,49,3.90566,999.8,100,124,101,101,560,560,0,20003,0
stage2,2,1000,8192,24,24,26,30,39,112,112,7.81078,999.8,100,122,101,101,560,560,0,20001,0
stage2,2,1000,102400,55,55,60,71,78,173,173,97.6298,999.7,101,128,102,102,561,562,0,20001,0
stage2,2,1000,204800,80,79,86,104,110,182,182,195.265,999.8,102,130,103,103,562,562,0,20001,0
stage2,2,1000,1048576,359,357,383,420,518,545,605,999.782,999.8,117,140,116,116,575,576,0,20002,0
stage2,2,1000,8388608,3890,3751,4784,5910,6534,7191,7191,7991.69,999.0,308,315,272,274,675,675,0,19999,0
stage2,2,500,1024,18,18,20,26,34,48,48,0.48849,500.2,100,122,100,100,560,560,0,10007,0
stage2,2,500,4096,22,23,25,30,39,42,42,1.9539,500.2,100,123,100,100,560,560,0,10007,0
stage2,2,500,8192,24,24,26,29,37,82,82,3.90815,500.2,100,122,100,100,560,560,0,10008,0
stage2,2,500,102400,54,54,58,66,78,84,84,48.8488,500.2,100,124,101,101,562,562,0,10007,0
stage2,2,500,204800,77,77,82,90,96,236,236,97.6986,500.2,101,144,101,101,562,562,0,10007,0
stage2,2,500,1048576,365,362,379,512,560,676,676,500.006,500.0,108,128,108,108,570,572,0,10008,0
stage2,2,500,8388608,3287,3246,3545,3938,4668,5023,5023,3999.05,499.9,183,198,175,176,683,683,0,10006,0
